User ID,Date,Steps,Calories Burned,Active Minutes,Sleep Hours,Heart Rate
user123,14-12-2024,23860,2990,48,8,88
john_doe,06-12-2024,26063,3223,18,9,109
sarah_smith,14-12-2024,27959,1375,20,9,55
jane_doe,20-12-2024,23947,3844,132,7,129
mike_jones,27-12-2024,26568,1190,168,4,82
alex_123,07-12-2024,8185,526,61,9,172
sammy23,12-12-2024,8721,1494,101,6,178
lisa_sm,06-12-2024,15890,1725,120,6,72
jimmy_456,22-12-2024,3041,3034,94,6,161
emily_789,19-12-2024,2221,3870,160,5,81
mark_321,02-12-2024,19270,459,176,6,137
susan_555,08-12-2024,16605,3577,127,4,148
chris_777,06-12-2024,23662,1084,92,8,89
kate_999,16-12-2024,16365,3033,46,9,148
david_111,30-12-2024,10967,1863,128,6,99
laura_222,26-12-2024,959,1149,155,10,121
steve_444,20-12-2024,5696,3159,109,5,66
olivia_666,17-12-2024,6904,2485,87,8,77
peter_888,23-12-2024,19531,2321,155,4,130
rachel_000,26-12-2024,23895,1479,163,6,72
matt_654,13-12-2024,7503,2622,166,4,167
natalie_321,22-12-2024,26696,3847,72,6,74
kevin_987,18-12-2024,16019,1910,135,5,165
hannah_234,04-12-2024,11707,3051,81,5,158
brian_876,07-12-2024,9121,3230,106,6,120
vicky_543,16-12-2024,3593,1380,48,7,179
jason_345,06-12-2024,26126,2379,169,5,154
carol_789,15-12-2024,17478,638,39,7,91
daniel_654,19-12-2024,16903,868,19,5,105
tina_321,21-12-2024,22336,3930,63,6,60
user123,14-12-2024,29025,2542,15,9,141
john_doe,29-12-2024,19103,1127,63,10,83
sarah_smith,10-12-2024,22101,771,137,6,147
jane_doe,19-12-2024,16223,3676,144,8,68
mike_jones,08-12-2024,18058,882,179,10,74
alex_123,06-12-2024,24904,3879,140,5,83
sammy23,19-12-2024,20013,2358,35,9,121
lisa_sm,26-12-2024,26672,3595,12,4,63
jimmy_456,12-12-2024,22339,1729,16,10,167
emily_789,24-12-2024,19286,2097,110,9,135
mark_321,22-12-2024,21350,169,144,9,70
susan_555,30-12-2024,25442,2760,105,10,94
chris_777,04-12-2024,15022,1251,128,5,133
kate_999,15-12-2024,24619,1875,137,9,56
david_111,27-12-2024,23200,188,47,7,156
laura_222,08-12-2024,22596,2990,136,8,52
steve_444,02-12-2024,28528,3537,47,8,126
olivia_666,29-12-2024,14979,989,155,4,67
peter_888,20-12-2024,12665,2145,66,6,117
rachel_000,02-12-2024,4779,1130,109,10,54
matt_654,08-12-2024,27783,2388,155,9,179
natalie_321,24-12-2024,21788,3125,179,8,123
kevin_987,17-12-2024,21997,751,40,4,55
hannah_234,09-12-2024,17325,487,66,5,121
brian_876,07-12-2024,10919,3743,99,5,74
vicky_543,12-12-2024,14063,293,161,8,85
jason_345,08-12-2024,9027,2220,141,10,97
carol_789,16-12-2024,11812,3018,73,10,106
daniel_654,20-12-2024,8698,1664,113,6,98
tina_321,04-12-2024,26430,3125,97,5,78
user123,01-12-2024,21405,1414,156,4,105
john_doe,07-12-2024,29280,3799,111,4,121
sarah_smith,22-12-2024,15469,582,82,8,129
jane_doe,04-12-2024,10791,386,71,8,102
mike_jones,25-12-2024,17372,3952,20,5,92
alex_123,18-12-2024,153,119,112,5,117
sammy23,30-12-2024,27963,2908,131,10,149
lisa_sm,04-12-2024,21702,3286,65,7,54
jimmy_456,10-12-2024,15418,1293,29,6,60
emily_789,16-12-2024,3767,1217,114,6,132
mark_321,03-12-2024,27985,3151,37,6,142
susan_555,18-12-2024,2,3065,117,10,52
chris_777,16-12-2024,10521,2034,48,5,125
kate_999,30-12-2024,564,1501,16,4,57
david_111,13-12-2024,26444,1782,39,7,69
laura_222,17-12-2024,1034,3332,157,6,66
steve_444,10-12-2024,8488,225,94,4,125
olivia_666,25-12-2024,12301,1435,80,8,111
peter_888,03-12-2024,8509,1357,155,9,162
rachel_000,02-12-2024,11687,1007,137,5,123
matt_654,19-12-2024,2050,3580,178,7,132
natalie_321,14-12-2024,22855,1247,54,5,90
kevin_987,09-12-2024,17504,3677,40,8,177
hannah_234,27-12-2024,27743,589,169,6,62
brian_876,08-12-2024,8519,3601,22,7,98
vicky_543,25-12-2024,4199,1148,158,7,107
jason_345,06-12-2024,27769,2705,115,4,117
carol_789,08-12-2024,23395,2698,114,7,161
daniel_654,03-12-2024,15549,3898,133,7,72
tina_321,12-12-2024,7367,1768,117,9,51
user123,15-12-2024,13969,1394,155,9,77
john_doe,12-12-2024,21238,3807,98,9,133
sarah_smith,20-12-2024,9963,3602,144,7,70
jane_doe,15-12-2024,13836,2449,157,5,123
mike_jones,03-12-2024,4984,1913,33,7,102
alex_123,17-12-2024,2325,122,46,10,64
sammy23,19-12-2024,13389,1931,81,6,167
lisa_sm,15-12-2024,7268,1536,54,5,117
jimmy_456,07-12-2024,17391,812,14,7,144
emily_789,01-12-2024,10978,3655,112,10,95
mark_321,13-12-2024,6598,2576,44,8,117
susan_555,15-12-2024,286,1987,73,10,76
chris_777,08-12-2024,12315,1189,126,6,134
kate_999,04-12-2024,28904,1779,179,10,58
david_111,01-12-2024,12624,2163,154,4,134
laura_222,02-12-2024,9263,3963,34,4,62
steve_444,15-12-2024,7305,3470,118,10,165
olivia_666,30-12-2024,7435,3686,175,4,157
peter_888,20-12-2024,25641,3944,39,5,91
rachel_000,13-12-2024,14523,381,150,5,53
matt_654,23-12-2024,13581,1064,149,6,116
natalie_321,12-12-2024,16320,2355,155,10,75
kevin_987,20-12-2024,22577,1754,54,4,58
hannah_234,02-12-2024,7605,2639,100,7,69
brian_876,21-12-2024,21474,3187,143,7,141
vicky_543,30-12-2024,5580,2105,88,4,52
jason_345,11-12-2024,16707,869,103,7,88
carol_789,07-12-2024,7733,3122,119,10,102
daniel_654,14-12-2024,7125,1206,151,8,165
tina_321,11-12-2024,2069,1541,155,7,115
user123,16-12-2024,26472,3751,36,5,59
john_doe,07-12-2024,21269,2292,160,9,147
sarah_smith,29-12-2024,8696,2111,104,6,163
jane_doe,09-12-2024,14904,2879,52,7,105
mike_jones,09-12-2024,14672,746,43,7,164
alex_123,22-12-2024,891,2449,97,8,160
sammy23,25-12-2024,10626,2436,16,4,55
lisa_sm,17-12-2024,20406,1641,100,10,108
jimmy_456,20-12-2024,21826,1527,160,4,56
emily_789,19-12-2024,23334,391,97,6,110
mark_321,12-12-2024,15553,407,57,8,87
susan_555,26-12-2024,1971,143,109,5,70
chris_777,12-12-2024,9967,3478,155,8,60
kate_999,30-12-2024,4151,1698,160,5,153
david_111,29-12-2024,11023,504,166,5,94
laura_222,07-12-2024,25758,3463,57,6,102
steve_444,30-12-2024,28218,1971,71,6,117
olivia_666,23-12-2024,25689,2468,153,8,99
peter_888,22-12-2024,20271,3607,65,5,94
rachel_000,20-12-2024,282,613,131,10,116
matt_654,02-12-2024,7417,2554,62,10,166
natalie_321,28-12-2024,26246,1317,29,8,63
kevin_987,29-12-2024,14784,1156,112,10,72
hannah_234,19-12-2024,27694,1161,108,6,175
brian_876,21-12-2024,17289,2376,116,8,128
vicky_543,23-12-2024,9091,3849,39,10,50
jason_345,20-12-2024,11367,639,80,10,152
carol_789,06-12-2024,15354,998,159,10,69
daniel_654,11-12-2024,1843,2944,18,9,87
tina_321,22-12-2024,4726,1394,77,8,59
user123,05-12-2024,27106,644,85,8,95
john_doe,01-12-2024,17827,600,26,6,152
sarah_smith,06-12-2024,14065,2195,79,10,111
jane_doe,19-12-2024,13325,1413,67,7,103
mike_jones,28-12-2024,29091,760,75,6,117
alex_123,30-12-2024,11441,3192,145,10,177
sammy23,16-12-2024,7535,2637,102,5,80
lisa_sm,14-12-2024,23046,2268,29,6,142
jimmy_456,05-12-2024,982,1548,135,10,92
emily_789,14-12-2024,16935,1307,28,10,100
mark_321,29-12-2024,4416,3159,149,10,162
susan_555,04-12-2024,15043,1597,119,7,142
chris_777,30-12-2024,28446,2108,101,5,112
kate_999,22-12-2024,4328,2439,101,6,90
david_111,18-12-2024,1984,3289,144,10,54
laura_222,02-12-2024,4451,122,132,5,131
steve_444,06-12-2024,16040,1613,175,5,59
olivia_666,01-12-2024,28612,425,178,7,145
peter_888,07-12-2024,21307,1617,109,6,141
rachel_000,13-12-2024,11193,495,17,5,118
matt_654,11-12-2024,681,1820,112,5,170
natalie_321,12-12-2024,24534,1337,113,7,153
kevin_987,27-12-2024,3417,1658,169,8,118
hannah_234,29-12-2024,19303,2909,90,9,83
brian_876,24-12-2024,19141,1480,19,8,60
vicky_543,09-12-2024,24793,1500,62,10,93
jason_345,03-12-2024,29535,581,96,6,124
carol_789,09-12-2024,5320,3051,101,10,130
daniel_654,16-12-2024,3899,438,164,8,71
tina_321,29-12-2024,14454,2081,140,6,154
user123,21-12-2024,1330,3915,92,4,166
john_doe,09-12-2024,20426,2920,59,10,92
sarah_smith,01-12-2024,11773,3100,114,7,70
jane_doe,05-12-2024,22381,1149,65,6,103
mike_jones,06-12-2024,6600,3518,28,5,52
alex_123,01-12-2024,13820,1831,149,9,177
sammy23,05-12-2024,7139,2924,134,7,89
lisa_sm,25-12-2024,5995,1827,114,4,145
jimmy_456,04-12-2024,27013,170,72,9,137
emily_789,17-12-2024,9660,1900,56,8,91
mark_321,06-12-2024,12330,642,39,9,58
susan_555,02-12-2024,29798,2434,121,5,112
chris_777,14-12-2024,4178,3369,156,9,52
kate_999,03-12-2024,13646,3842,76,10,165
david_111,30-12-2024,3093,3141,144,10,97
laura_222,19-12-2024,5822,3219,123,5,166
steve_444,02-12-2024,15833,3102,98,7,120
olivia_666,23-12-2024,29518,3778,170,7,149
peter_888,15-12-2024,245,3935,10,7,180
rachel_000,18-12-2024,19690,1658,58,4,120
matt_654,19-12-2024,23374,1041,15,4,144
natalie_321,06-12-2024,22914,3836,106,9,179
kevin_987,15-12-2024,28690,2154,160,7,151
hannah_234,15-12-2024,1152,2085,11,5,171
brian_876,26-12-2024,2487,1107,43,5,125
vicky_543,02-12-2024,10872,3674,55,8,129
jason_345,20-12-2024,13344,3168,52,5,89
carol_789,19-12-2024,16558,900,137,10,163
daniel_654,24-12-2024,21762,2589,149,8,159
tina_321,26-12-2024,28414,1187,173,7,170
user123,06-12-2024,7734,2273,82,8,55
john_doe,08-12-2024,18101,3172,10,8,154
sarah_smith,06-12-2024,4288,3258,105,7,71
jane_doe,26-12-2024,22050,948,145,7,88
mike_jones,21-12-2024,13527,2418,151,10,66
alex_123,03-12-2024,6843,466,57,7,122
sammy23,17-12-2024,18311,3799,19,5,156
lisa_sm,12-12-2024,29856,115,88,4,138
jimmy_456,24-12-2024,24413,2845,90,6,136
emily_789,28-12-2024,15779,782,177,6,64
mark_321,28-12-2024,1872,2324,128,6,53
susan_555,08-12-2024,12559,3501,171,9,56
chris_777,20-12-2024,14690,1247,81,10,56
kate_999,23-12-2024,11216,3579,36,8,81
david_111,01-12-2024,18760,3538,77,9,154
laura_222,07-12-2024,21860,512,105,7,104
steve_444,17-12-2024,20469,1654,33,8,70
olivia_666,15-12-2024,4431,1125,93,6,59
peter_888,29-12-2024,3135,537,99,9,105
rachel_000,05-12-2024,23647,831,32,8,141
matt_654,28-12-2024,2006,1413,117,8,114
natalie_321,04-12-2024,9901,3164,28,9,140
kevin_987,15-12-2024,12350,3962,84,10,149
hannah_234,09-12-2024,20655,1413,165,5,167
brian_876,04-12-2024,25185,715,149,8,162
vicky_543,25-12-2024,3800,3104,152,7,127
jason_345,06-12-2024,27448,1036,15,7,62
carol_789,01-12-2024,21340,2327,165,10,67
daniel_654,26-12-2024,1763,2525,123,7,75
tina_321,25-12-2024,5678,1211,17,7,112
user123,15-12-2024,14805,116,177,7,74
john_doe,28-12-2024,14574,951,180,4,89
sarah_smith,10-12-2024,22403,2812,76,6,103
jane_doe,15-12-2024,12078,2021,135,5,79
mike_jones,19-12-2024,17700,890,67,6,50
alex_123,27-12-2024,8418,112,21,9,137
sammy23,08-12-2024,22111,2491,151,10,136
lisa_sm,13-12-2024,7689,3060,61,5,150
jimmy_456,02-12-2024,9909,3402,124,9,58
emily_789,26-12-2024,29827,373,64,7,125
mark_321,20-12-2024,4712,2235,164,5,165
susan_555,25-12-2024,27685,2044,114,9,98
chris_777,17-12-2024,9511,1725,147,7,161
kate_999,19-12-2024,6068,3361,37,7,164
david_111,09-12-2024,7934,1997,172,6,137
laura_222,27-12-2024,24766,1930,125,5,147
steve_444,13-12-2024,11263,999,50,5,117
olivia_666,23-12-2024,22614,1181,47,6,163
peter_888,24-12-2024,12564,1992,129,4,157
rachel_000,14-12-2024,1269,1927,17,8,60
matt_654,06-12-2024,24655,2342,135,8,65
natalie_321,13-12-2024,20707,1164,21,6,58
kevin_987,03-12-2024,9550,3653,101,8,52
hannah_234,13-12-2024,2662,522,78,5,179
brian_876,17-12-2024,8038,1211,114,4,89
vicky_543,17-12-2024,13049,3274,147,7,86
jason_345,03-12-2024,16339,2541,168,9,56
carol_789,14-12-2024,23427,761,163,10,69
daniel_654,26-12-2024,17331,1319,105,7,57
tina_321,05-12-2024,14160,229,47,9,101
user123,26-12-2024,25123,3327,155,10,106
john_doe,07-12-2024,15233,1437,22,9,88
sarah_smith,21-12-2024,9639,1393,170,4,102
jane_doe,02-12-2024,2536,1233,140,6,147
mike_jones,23-12-2024,24910,1168,82,8,57
alex_123,11-12-2024,16080,387,137,7,137
sammy23,18-12-2024,19428,931,109,8,141
lisa_sm,08-12-2024,16565,1591,39,10,139
jimmy_456,15-12-2024,22358,3751,103,6,136
emily_789,03-12-2024,9452,1507,53,9,95
mark_321,02-12-2024,2298,3143,63,4,158
susan_555,23-12-2024,5530,1456,18,9,157
chris_777,05-12-2024,16641,2921,176,4,151
kate_999,01-12-2024,20766,1786,65,8,167
david_111,13-12-2024,27845,833,111,9,94
laura_222,11-12-2024,23005,606,90,5,99
steve_444,11-12-2024,20303,1276,176,4,83
olivia_666,05-12-2024,6982,139,99,7,166
peter_888,30-12-2024,12315,3161,19,4,120
rachel_000,04-12-2024,12441,756,167,5,137
matt_654,23-12-2024,15341,1077,158,5,55
natalie_321,23-12-2024,12374,2313,95,9,168
kevin_987,01-12-2024,3028,2283,61,9,165
hannah_234,17-12-2024,21048,3797,58,10,129
brian_876,09-12-2024,10979,2494,82,10,125
vicky_543,07-12-2024,303,3808,33,9,132
jason_345,30-12-2024,28214,1595,22,6,78
carol_789,24-12-2024,4154,1784,50,8,95
daniel_654,24-12-2024,27147,2279,179,4,139
tina_321,13-12-2024,15792,3100,84,4,76
user123,01-12-2024,4027,2514,120,8,139
john_doe,29-12-2024,29073,1530,66,5,112
sarah_smith,29-12-2024,15651,2892,170,8,172
jane_doe,18-12-2024,13123,2440,114,7,161
mike_jones,08-12-2024,21167,1785,25,10,135
alex_123,20-12-2024,4323,130,178,10,98
sammy23,14-12-2024,4698,2200,176,7,170
lisa_sm,11-12-2024,6474,2599,161,6,59
jimmy_456,05-12-2024,7942,2895,36,5,164
emily_789,07-12-2024,29196,1757,130,9,176
mark_321,27-12-2024,14837,2462,127,6,94
susan_555,25-12-2024,2291,952,34,8,73
chris_777,16-12-2024,20093,3846,119,5,142
kate_999,14-12-2024,28117,1651,64,10,54
david_111,19-12-2024,4353,3120,58,8,157
laura_222,03-12-2024,22371,2789,98,9,56
steve_444,08-12-2024,6423,2560,121,5,62
olivia_666,12-12-2024,10609,3817,92,10,87
peter_888,25-12-2024,27568,1511,58,8,58
rachel_000,17-12-2024,27623,2148,102,8,127
matt_654,12-12-2024,17536,2608,80,6,168
natalie_321,17-12-2024,20437,1060,32,10,136
kevin_987,12-12-2024,19791,3910,69,6,92
hannah_234,12-12-2024,11270,3503,75,4,50
brian_876,21-12-2024,10941,285,107,10,126
vicky_543,01-12-2024,22714,2192,78,10,138
jason_345,09-12-2024,19920,2077,119,5,133
carol_789,19-12-2024,10442,2681,164,5,110
daniel_654,14-12-2024,24014,1048,24,10,132
tina_321,03-12-2024,16131,3699,126,6,127
user123,16-12-2024,16747,222,82,9,177
john_doe,07-12-2024,23287,2344,17,6,107
sarah_smith,07-12-2024,12733,2360,173,10,67
jane_doe,20-12-2024,29326,3778,159,8,71
mike_jones,02-12-2024,9750,1478,117,7,120
alex_123,16-12-2024,10627,798,151,7,61
sammy23,22-12-2024,19701,132,83,7,170
lisa_sm,01-12-2024,8858,1481,81,6,118
jimmy_456,06-12-2024,2938,1631,41,4,61
emily_789,01-12-2024,15904,201,33,8,118
mark_321,24-12-2024,28632,3231,158,9,105
susan_555,07-12-2024,6461,3119,93,8,171
chris_777,11-12-2024,4830,1187,139,9,54
kate_999,09-12-2024,20709,3448,127,10,176
david_111,27-12-2024,6582,1551,104,5,63
laura_222,07-12-2024,29933,2205,146,5,64
steve_444,15-12-2024,2382,3698,146,9,168
olivia_666,09-12-2024,21605,2214,156,9,108
peter_888,25-12-2024,18082,620,94,7,103
rachel_000,02-12-2024,20582,3189,148,7,113
matt_654,23-12-2024,5759,1828,22,5,108
natalie_321,05-12-2024,16167,2709,49,4,84
kevin_987,02-12-2024,22074,2051,83,7,61
hannah_234,28-12-2024,11734,534,45,6,99
brian_876,25-12-2024,24518,210,12,4,66
vicky_543,18-12-2024,21114,3478,95,10,54
jason_345,18-12-2024,10086,3113,130,6,64
carol_789,22-12-2024,28491,3789,87,5,95
daniel_654,28-12-2024,25578,1273,43,8,81
tina_321,24-12-2024,20763,1607,177,9,173
user123,02-12-2024,7187,670,41,8,121
john_doe,03-12-2024,24274,3793,52,10,172
sarah_smith,07-12-2024,23643,1107,105,9,108
jane_doe,09-12-2024,8540,999,125,7,167
mike_jones,29-12-2024,2667,1585,82,5,134
alex_123,15-12-2024,2038,3847,108,8,115
sammy23,09-12-2024,29072,638,12,10,117
lisa_sm,24-12-2024,15725,2921,43,6,131
jimmy_456,10-12-2024,3145,1780,157,8,61
emily_789,19-12-2024,15240,3170,77,5,169
mark_321,11-12-2024,22722,2688,150,5,116
susan_555,05-12-2024,10955,3236,172,9,139
chris_777,19-12-2024,18268,3692,80,7,177
kate_999,09-12-2024,19439,2521,74,7,120
david_111,08-12-2024,7353,2145,123,10,57
laura_222,01-12-2024,16258,2636,40,7,55
steve_444,08-12-2024,13476,2325,40,8,177
olivia_666,03-12-2024,23428,1669,137,4,176
peter_888,17-12-2024,6392,3526,94,10,175
rachel_000,13-12-2024,21746,429,96,9,132
matt_654,15-12-2024,17650,2579,123,6,98
natalie_321,29-12-2024,24402,3871,34,10,54
kevin_987,26-12-2024,11664,831,49,6,68
hannah_234,17-12-2024,12728,2210,180,7,162
brian_876,21-12-2024,19659,2623,78,10,175
vicky_543,05-12-2024,18291,2351,15,9,123
jason_345,09-12-2024,3333,1686,49,7,76
carol_789,02-12-2024,4210,142,81,10,124
daniel_654,01-12-2024,3298,733,130,5,173
tina_321,21-12-2024,24804,397,105,9,88
user123,20-12-2024,25455,1920,68,6,79
john_doe,11-12-2024,27304,1212,75,8,154
sarah_smith,25-12-2024,12338,1138,138,4,89
jane_doe,08-12-2024,6223,1460,79,5,156
mike_jones,09-12-2024,5417,731,162,9,70
alex_123,01-12-2024,18058,2012,45,8,136
sammy23,30-12-2024,23778,1512,129,7,72
lisa_sm,08-12-2024,3006,2976,109,6,106
jimmy_456,09-12-2024,8924,3749,65,8,89
emily_789,11-12-2024,25873,2320,95,8,162
mark_321,21-12-2024,23544,631,144,4,58
susan_555,23-12-2024,15256,3359,85,7,122
chris_777,05-12-2024,4644,1964,30,4,87
kate_999,05-12-2024,27654,2295,38,9,105
david_111,22-12-2024,19490,2550,46,8,106
laura_222,30-12-2024,25651,2473,13,4,61
steve_444,18-12-2024,3236,3250,173,7,74
olivia_666,03-12-2024,29037,1616,20,10,167
peter_888,28-12-2024,13464,867,113,9,142
rachel_000,17-12-2024,12304,1846,120,9,180
matt_654,26-12-2024,27288,613,80,8,91
natalie_321,16-12-2024,11625,1787,133,4,177
kevin_987,17-12-2024,1732,2129,177,5,169
hannah_234,26-12-2024,8904,2828,158,5,100
brian_876,27-12-2024,16365,2213,139,6,98
vicky_543,15-12-2024,26304,2655,155,9,81
jason_345,03-12-2024,22539,2638,88,8,79
carol_789,04-12-2024,3056,3073,123,7,106
daniel_654,01-12-2024,13726,403,133,6,83
tina_321,24-12-2024,15798,3910,107,7,135
user123,15-12-2024,16771,2704,16,6,166
john_doe,16-12-2024,11804,2911,11,10,70
sarah_smith,15-12-2024,12181,815,118,9,103
jane_doe,28-12-2024,20422,1141,165,5,153
mike_jones,06-12-2024,9702,2831,53,6,51
alex_123,04-12-2024,17933,3436,147,10,90
sammy23,17-12-2024,9351,1675,161,10,92
lisa_sm,10-12-2024,28185,1516,86,8,160
jimmy_456,03-12-2024,1597,2920,50,4,75
emily_789,07-12-2024,29298,1678,166,7,144
mark_321,01-12-2024,27131,560,26,8,56
susan_555,23-12-2024,26682,612,178,7,151
chris_777,02-12-2024,5733,558,125,7,83
kate_999,02-12-2024,4413,3270,141,5,173
david_111,24-12-2024,21813,2082,167,10,92
laura_222,11-12-2024,18203,967,56,7,97
steve_444,02-12-2024,17610,1018,46,8,150
olivia_666,08-12-2024,16151,3688,94,4,162
peter_888,10-12-2024,23278,1627,19,7,156
rachel_000,29-12-2024,11729,406,129,9,111
matt_654,11-12-2024,10367,183,178,10,157
natalie_321,10-12-2024,7424,2969,162,5,168
kevin_987,20-12-2024,26351,3530,86,5,146
hannah_234,12-12-2024,4653,618,108,4,52
brian_876,06-12-2024,28054,3598,94,6,149
vicky_543,12-12-2024,10237,809,58,5,118
jason_345,23-12-2024,26295,3039,94,6,158
carol_789,11-12-2024,13497,2753,46,10,98
daniel_654,03-12-2024,29028,2728,154,10,65
tina_321,02-12-2024,8081,2802,42,8,50
user123,09-12-2024,13523,1207,20,4,108
john_doe,27-12-2024,1518,157,170,9,82
sarah_smith,15-12-2024,24079,3249,53,8,149
jane_doe,27-12-2024,29916,877,173,9,90
mike_jones,21-12-2024,25759,3225,119,9,174
alex_123,23-12-2024,12346,1232,136,5,106
sammy23,28-12-2024,28898,3319,35,8,70
lisa_sm,26-12-2024,27418,2147,89,4,113
jimmy_456,15-12-2024,11705,2986,81,6,86
emily_789,26-12-2024,8969,1862,60,9,87
mark_321,08-12-2024,27498,3103,112,4,84
susan_555,19-12-2024,26852,2609,128,6,177
chris_777,15-12-2024,14301,3465,48,10,96
kate_999,02-12-2024,9875,1796,100,8,152
david_111,16-12-2024,15448,899,166,9,158
laura_222,17-12-2024,1700,1623,54,10,105
steve_444,21-12-2024,4850,1374,10,5,69
olivia_666,19-12-2024,27975,1900,179,9,130
peter_888,07-12-2024,22785,498,119,5,137
rachel_000,16-12-2024,13331,2422,86,9,155
matt_654,05-12-2024,28089,3471,99,9,141
natalie_321,19-12-2024,10201,1730,36,10,168
kevin_987,28-12-2024,11739,505,132,5,130
hannah_234,11-12-2024,27766,2971,90,10,72
brian_876,22-12-2024,25562,2632,166,4,96
vicky_543,17-12-2024,720,3514,20,10,89
jason_345,23-12-2024,23632,602,180,7,162
carol_789,19-12-2024,24931,311,93,6,152
daniel_654,16-12-2024,27317,2134,87,8,61
tina_321,13-12-2024,9024,3969,108,5,166
user123,14-12-2024,20349,1627,135,6,64
john_doe,30-12-2024,15665,1209,64,4,167
sarah_smith,10-12-2024,28831,1657,158,9,171
jane_doe,25-12-2024,1904,256,137,7,99
mike_jones,07-12-2024,23216,1765,99,7,73
alex_123,19-12-2024,6191,2688,128,10,164
sammy23,23-12-2024,27516,2127,152,4,179
lisa_sm,25-12-2024,16913,2786,140,10,156
jimmy_456,18-12-2024,8856,1994,67,7,174
emily_789,30-12-2024,2418,889,33,10,99
mark_321,11-12-2024,10085,2339,81,7,136
susan_555,10-12-2024,18344,3248,91,4,138
chris_777,08-12-2024,3749,3560,77,6,124
kate_999,15-12-2024,27740,1064,65,8,147
david_111,11-12-2024,13017,1221,10,5,52
laura_222,08-12-2024,6688,905,32,7,51
steve_444,18-12-2024,4029,2024,171,9,145
olivia_666,05-12-2024,28128,3910,78,6,83
peter_888,30-12-2024,15343,3090,41,5,135
rachel_000,23-12-2024,19191,1357,68,10,171
matt_654,02-12-2024,10370,2474,59,5,100
natalie_321,10-12-2024,10305,697,48,7,105
kevin_987,26-12-2024,29927,3933,25,9,58
hannah_234,27-12-2024,28843,570,132,7,157
brian_876,24-12-2024,5734,1602,74,7,74
vicky_543,13-12-2024,16230,2578,20,6,131
jason_345,10-12-2024,27354,2490,14,6,157
carol_789,20-12-2024,9984,2756,141,5,177
daniel_654,16-12-2024,12218,1972,97,10,135
tina_321,02-12-2024,23273,192,151,8,148
user123,17-12-2024,9124,1244,126,5,55
john_doe,24-12-2024,13557,2970,165,8,167
sarah_smith,14-12-2024,12899,158,73,8,53
jane_doe,18-12-2024,22020,2499,131,4,70
mike_jones,20-12-2024,17514,2899,119,5,113
alex_123,08-12-2024,26719,1905,154,6,119
sammy23,17-12-2024,27018,1133,114,8,180
lisa_sm,29-12-2024,973,1057,151,8,172
jimmy_456,28-12-2024,6608,2963,103,7,179
emily_789,23-12-2024,19350,1835,139,7,105
mark_321,15-12-2024,19417,262,43,4,165
susan_555,27-12-2024,14386,1504,129,7,137
chris_777,06-12-2024,26570,2755,33,9,179
kate_999,01-12-2024,6516,210,38,5,131
david_111,16-12-2024,28672,2411,80,6,165
laura_222,20-12-2024,10964,3225,16,5,163
steve_444,04-12-2024,17129,1492,83,4,174
olivia_666,26-12-2024,25463,2086,91,6,92
peter_888,21-12-2024,13784,3187,12,4,156
rachel_000,10-12-2024,1365,1653,21,9,106
matt_654,26-12-2024,18979,2968,154,5,68
natalie_321,13-12-2024,10420,576,78,10,145
kevin_987,21-12-2024,18677,2987,175,9,57
hannah_234,02-12-2024,24942,3326,89,7,160
brian_876,20-12-2024,11387,3541,137,7,91
vicky_543,26-12-2024,26863,2772,58,9,142
jason_345,10-12-2024,15095,272,50,9,179
carol_789,06-12-2024,10420,2022,103,10,83
daniel_654,24-12-2024,11855,370,177,9,91
tina_321,07-12-2024,16336,3508,77,5,177
user123,07-12-2024,20032,3881,171,7,102
john_doe,10-12-2024,8302,2620,12,4,120
sarah_smith,01-12-2024,13831,2250,35,7,85
jane_doe,18-12-2024,3191,157,169,4,132
mike_jones,05-12-2024,20099,765,161,4,112
alex_123,20-12-2024,21893,1442,154,6,67
sammy23,22-12-2024,5178,2072,160,9,85
lisa_sm,23-12-2024,19516,3609,108,4,147
jimmy_456,24-12-2024,27360,2960,11,6,84
emily_789,22-12-2024,1199,3855,83,4,156
mark_321,13-12-2024,27601,873,170,5,61
susan_555,09-12-2024,8217,1073,155,7,52
chris_777,01-12-2024,29055,421,156,6,148
kate_999,03-12-2024,28060,713,19,10,79
david_111,30-12-2024,3576,3455,154,4,122
laura_222,04-12-2024,8425,1324,108,5,176
steve_444,20-12-2024,15825,392,114,6,51
olivia_666,21-12-2024,5718,3178,47,9,130
peter_888,18-12-2024,426,678,114,4,98
rachel_000,13-12-2024,9678,775,83,8,170
matt_654,27-12-2024,12122,3738,117,4,127
natalie_321,11-12-2024,7431,3188,78,9,144
kevin_987,02-12-2024,7122,1025,120,7,73
hannah_234,23-12-2024,26082,371,132,6,144
brian_876,15-12-2024,17630,751,157,6,149
vicky_543,20-12-2024,20480,2504,159,7,105
jason_345,01-12-2024,2081,589,58,4,79
carol_789,17-12-2024,21103,1311,92,5,164
daniel_654,05-12-2024,6505,2674,88,4,170
tina_321,19-12-2024,24085,1798,49,8,69
user123,14-12-2024,4563,2339,154,4,56
john_doe,13-12-2024,8209,3060,102,5,79
sarah_smith,07-12-2024,14335,3291,109,7,100
jane_doe,09-12-2024,20700,2418,110,8,76
mike_jones,17-12-2024,94,3591,108,6,60
alex_123,19-12-2024,4366,2071,152,4,136
sammy23,24-12-2024,27538,2632,125,10,104
lisa_sm,23-12-2024,23127,3526,12,6,70
jimmy_456,12-12-2024,4456,1213,72,5,124
emily_789,04-12-2024,4686,623,141,7,58
mark_321,14-12-2024,4310,2273,134,8,96
susan_555,17-12-2024,21726,728,168,4,169
chris_777,14-12-2024,10317,755,155,4,152
kate_999,03-12-2024,12075,1632,135,9,85
david_111,25-12-2024,11569,2901,155,7,112
laura_222,06-12-2024,702,2689,88,9,164
steve_444,26-12-2024,29126,815,164,10,68
olivia_666,18-12-2024,11954,2169,138,5,160
peter_888,08-12-2024,12524,2997,112,7,149
rachel_000,02-12-2024,20151,829,162,5,103
matt_654,29-12-2024,442,2223,10,4,71
natalie_321,28-12-2024,1555,1522,40,4,79
kevin_987,22-12-2024,13613,3047,59,4,151
hannah_234,13-12-2024,28731,1734,122,6,166
brian_876,17-12-2024,24413,1135,138,5,92
vicky_543,19-12-2024,16848,546,123,5,141
jason_345,29-12-2024,9466,1181,55,10,110
carol_789,17-12-2024,21083,826,83,8,125
daniel_654,19-12-2024,3683,2774,146,6,79
tina_321,13-12-2024,12615,1534,133,9,164
user123,23-12-2024,22019,868,28,5,99
john_doe,17-12-2024,17672,3433,138,10,114
sarah_smith,19-12-2024,25273,1493,40,6,84
jane_doe,22-12-2024,16737,3802,31,9,95
mike_jones,16-12-2024,5976,3670,26,10,63
alex_123,15-12-2024,21018,2820,96,6,129
sammy23,08-12-2024,1797,162,123,4,136
lisa_sm,02-12-2024,17279,1037,84,7,178
jimmy_456,27-12-2024,26067,433,48,10,69
emily_789,19-12-2024,19559,497,43,10,165
mark_321,11-12-2024,19494,3720,113,4,127
susan_555,14-12-2024,27628,3490,86,6,162
chris_777,28-12-2024,1973,3518,150,9,173
kate_999,12-12-2024,6735,1057,19,5,146
david_111,14-12-2024,23544,3211,134,10,68
laura_222,05-12-2024,15771,1475,146,10,123
steve_444,26-12-2024,3648,2860,88,9,109
olivia_666,14-12-2024,8615,1926,76,5,140
peter_888,29-12-2024,29523,3767,22,8,94
rachel_000,05-12-2024,15694,717,116,10,148
matt_654,04-12-2024,2790,700,51,6,50
natalie_321,01-12-2024,19011,3626,83,7,143
kevin_987,05-12-2024,6707,1959,33,7,162
hannah_234,20-12-2024,28496,445,35,7,74
brian_876,20-12-2024,1148,1972,31,5,171
vicky_543,01-12-2024,5787,326,95,8,61
jason_345,11-12-2024,20957,1071,15,8,60
carol_789,16-12-2024,16685,2461,113,7,96
daniel_654,23-12-2024,19847,1975,45,9,87
tina_321,28-12-2024,16410,940,152,10,71
user123,03-12-2024,1531,1047,121,6,127
john_doe,13-12-2024,17205,2051,101,10,118
sarah_smith,20-12-2024,4972,575,75,8,166
jane_doe,26-12-2024,17250,1390,117,6,84
mike_jones,10-12-2024,6329,1248,82,4,90
alex_123,18-12-2024,28528,834,128,8,167
sammy23,27-12-2024,17340,3089,99,9,73
lisa_sm,01-12-2024,29762,3941,85,7,75
jimmy_456,15-12-2024,27525,3192,77,10,62
emily_789,05-12-2024,12459,3848,19,4,104
mark_321,30-12-2024,6553,317,109,8,82
susan_555,18-12-2024,24384,535,26,7,70
chris_777,18-12-2024,14642,1400,79,4,61
kate_999,16-12-2024,16898,2519,73,4,99
david_111,11-12-2024,13321,1395,127,6,121
laura_222,17-12-2024,4006,2836,32,5,79
steve_444,03-12-2024,21542,3739,40,9,90
olivia_666,11-12-2024,22611,3243,48,4,135
peter_888,02-12-2024,17802,1942,178,5,91
rachel_000,04-12-2024,22747,3682,108,4,88
matt_654,17-12-2024,25074,1472,73,6,79
natalie_321,07-12-2024,13811,1822,103,5,109
kevin_987,28-12-2024,10650,1438,152,10,159
hannah_234,30-12-2024,16758,2785,82,4,147
brian_876,15-12-2024,5144,2584,131,10,154
vicky_543,07-12-2024,17420,3337,136,4,60
jason_345,02-12-2024,9072,769,130,4,116
carol_789,29-12-2024,22478,2390,16,6,62
daniel_654,20-12-2024,5956,1859,123,10,121
tina_321,13-12-2024,22812,1517,174,10,158
user123,24-12-2024,24770,3709,146,9,174
john_doe,29-12-2024,16569,3534,90,6,150
sarah_smith,27-12-2024,29244,1618,101,5,78
jane_doe,26-12-2024,22717,1208,123,7,153
mike_jones,26-12-2024,19984,2044,108,9,127
alex_123,27-12-2024,9788,2585,58,10,119
sammy23,17-12-2024,25770,2716,21,10,65
lisa_sm,04-12-2024,23824,3434,150,5,96
jimmy_456,27-12-2024,25779,2780,61,10,90
emily_789,17-12-2024,14730,391,153,5,145
mark_321,08-12-2024,12731,3290,47,7,143
susan_555,02-12-2024,28291,3924,146,10,81
chris_777,06-12-2024,21490,1022,16,5,124
kate_999,17-12-2024,71,2751,171,5,66
david_111,21-12-2024,29982,3985,53,9,87
laura_222,20-12-2024,5419,1311,104,4,127
steve_444,24-12-2024,4957,592,178,6,112
olivia_666,23-12-2024,11657,964,177,6,85
peter_888,13-12-2024,8051,2596,114,6,65
rachel_000,15-12-2024,23771,3945,24,9,116
matt_654,18-12-2024,13799,3112,114,9,81
natalie_321,18-12-2024,18381,2073,151,4,167
kevin_987,29-12-2024,21808,2581,147,9,77
hannah_234,08-12-2024,15209,1154,51,8,131
brian_876,21-12-2024,19703,1675,16,5,114
vicky_543,07-12-2024,29054,837,115,4,137
jason_345,17-12-2024,18318,2613,154,9,71
carol_789,28-12-2024,19975,2502,57,9,147
daniel_654,12-12-2024,14016,3321,157,7,157
tina_321,07-12-2024,7402,2802,29,7,60
user123,25-12-2024,9317,2600,13,6,124
john_doe,02-12-2024,20037,2446,172,10,70
sarah_smith,02-12-2024,2899,337,49,8,138
jane_doe,27-12-2024,3982,680,135,6,77
mike_jones,01-12-2024,20353,3290,152,6,90
alex_123,05-12-2024,13142,2039,45,9,175
sammy23,05-12-2024,1579,2007,162,6,169
lisa_sm,26-12-2024,5827,513,84,8,132
jimmy_456,30-12-2024,19937,2567,74,7,133
emily_789,05-12-2024,29698,2704,31,9,130
mark_321,21-12-2024,19556,2700,93,9,96
susan_555,02-12-2024,12305,1460,172,8,141
chris_777,24-12-2024,17738,124,150,8,167
kate_999,01-12-2024,12355,2991,76,6,171
david_111,10-12-2024,18636,824,25,10,180
laura_222,18-12-2024,23842,3444,102,9,159
steve_444,16-12-2024,12420,134,15,8,77
olivia_666,28-12-2024,26386,3873,115,4,175
peter_888,24-12-2024,3627,720,87,5,177
rachel_000,30-12-2024,18180,3712,109,6,179
matt_654,01-12-2024,16617,3271,135,9,95
natalie_321,05-12-2024,15418,3373,47,4,59
kevin_987,09-12-2024,25844,3095,151,10,167
hannah_234,04-12-2024,22669,3611,34,8,79
brian_876,03-12-2024,20285,301,129,8,75
vicky_543,17-12-2024,17818,1767,22,4,150
jason_345,21-12-2024,24717,1240,99,4,139
carol_789,22-12-2024,21971,192,92,9,140
daniel_654,05-12-2024,21873,1687,39,8,111
tina_321,03-12-2024,21058,3590,52,5,164
user123,17-12-2024,26416,560,42,9,129
john_doe,26-12-2024,22345,2702,149,8,179
sarah_smith,04-12-2024,16424,3855,88,5,98
jane_doe,30-12-2024,28839,1416,120,5,160
mike_jones,07-12-2024,8647,742,60,7,59
alex_123,22-12-2024,22869,3523,154,6,175
sammy23,01-12-2024,26202,2077,149,7,86
lisa_sm,29-12-2024,8686,3132,178,6,176
jimmy_456,29-12-2024,2705,3116,138,9,122
emily_789,10-12-2024,28894,485,18,4,69
mark_321,20-12-2024,1771,2060,121,4,108
susan_555,27-12-2024,14744,3377,89,6,89
chris_777,07-12-2024,21,2823,73,10,155
kate_999,24-12-2024,15269,3279,59,8,140
david_111,14-12-2024,26544,1251,12,4,119
laura_222,08-12-2024,22791,140,119,9,98
steve_444,17-12-2024,3473,1989,42,7,158
olivia_666,16-12-2024,20750,2980,50,6,58
peter_888,17-12-2024,29223,945,19,7,150
rachel_000,06-12-2024,17641,3344,59,8,134
matt_654,12-12-2024,15641,2609,59,8,171
natalie_321,26-12-2024,9399,2075,46,8,164
kevin_987,26-12-2024,3916,1288,171,10,106
hannah_234,27-12-2024,19572,1812,67,4,90
brian_876,22-12-2024,29202,3105,146,9,113
vicky_543,28-12-2024,15291,3304,163,5,174
jason_345,23-12-2024,16139,2166,87,8,142
carol_789,16-12-2024,22045,1145,115,5,89
daniel_654,24-12-2024,1882,2246,148,8,148
tina_321,06-12-2024,27004,1467,61,9,87
user123,22-12-2024,7558,2608,53,9,159
john_doe,13-12-2024,28919,3788,122,4,129
sarah_smith,18-12-2024,5593,2202,87,6,90
jane_doe,05-12-2024,15058,1571,159,9,75
mike_jones,29-12-2024,10784,1497,37,10,120
alex_123,30-12-2024,24300,3231,136,4,95
sammy23,23-12-2024,11888,2680,77,7,180
lisa_sm,08-12-2024,17198,3634,73,8,172
jimmy_456,22-12-2024,4826,435,12,10,155
emily_789,22-12-2024,22454,1804,105,8,61
mark_321,03-12-2024,12696,2431,17,5,127
susan_555,27-12-2024,26003,163,60,5,114
chris_777,22-12-2024,20176,2854,104,6,114
kate_999,16-12-2024,4221,1173,10,6,145
david_111,20-12-2024,22913,508,162,4,102
laura_222,19-12-2024,20165,1982,57,7,111
steve_444,01-12-2024,19926,3771,119,9,154
olivia_666,05-12-2024,6323,3183,171,6,94
peter_888,21-12-2024,14188,707,121,8,100
rachel_000,03-12-2024,4799,1883,164,6,77
matt_654,26-12-2024,15089,2242,139,4,180
natalie_321,05-12-2024,146,2111,91,9,101
kevin_987,06-12-2024,12151,2506,41,9,135
hannah_234,27-12-2024,7001,3964,46,8,78
brian_876,24-12-2024,1158,933,54,10,140
vicky_543,09-12-2024,16147,1651,51,7,69
jason_345,12-12-2024,18599,2035,108,7,147
carol_789,10-12-2024,16696,330,114,6,75
daniel_654,02-12-2024,23377,3447,153,4,80
tina_321,16-12-2024,20912,3766,56,7,124
user123,10-12-2024,24065,2446,44,10,150
john_doe,10-12-2024,27839,3670,106,9,156
sarah_smith,25-12-2024,29392,439,20,10,137
jane_doe,05-12-2024,15151,2174,50,8,125
mike_jones,03-12-2024,21476,1895,48,6,86
alex_123,05-12-2024,26770,3419,100,5,179
sammy23,03-12-2024,10282,1922,87,6,166
lisa_sm,29-12-2024,16675,1560,72,8,143
jimmy_456,19-12-2024,9323,966,30,4,131
emily_789,08-12-2024,20536,560,10,6,165
mark_321,11-12-2024,800,1310,84,8,173
susan_555,08-12-2024,26503,1919,49,6,116
chris_777,22-12-2024,19651,922,56,8,108
kate_999,07-12-2024,26614,2130,170,10,84
david_111,30-12-2024,25907,1986,105,8,180
laura_222,11-12-2024,7944,1433,157,4,91
steve_444,12-12-2024,1145,722,17,5,74
olivia_666,03-12-2024,25855,2895,29,5,81
peter_888,21-12-2024,9469,3022,48,4,176
rachel_000,11-12-2024,10677,1558,153,10,135
matt_654,08-12-2024,5635,874,63,8,114
natalie_321,15-12-2024,16230,3568,53,5,74
kevin_987,23-12-2024,1106,780,16,9,142
hannah_234,02-12-2024,13841,2521,121,4,81
brian_876,08-12-2024,19248,3722,78,7,74
vicky_543,11-12-2024,3175,3946,99,8,74
jason_345,02-12-2024,6728,175,10,7,149
carol_789,13-12-2024,8170,1539,117,8,55
daniel_654,18-12-2024,24411,2156,38,4,87
tina_321,22-12-2024,11145,1244,72,6,99
user123,02-12-2024,6451,1530,98,6,179
john_doe,22-12-2024,27457,254,102,6,57
sarah_smith,05-12-2024,12462,3997,40,9,97
jane_doe,13-12-2024,11794,2423,47,7,88
mike_jones,13-12-2024,5907,2190,119,10,154
alex_123,19-12-2024,27070,2312,32,10,94
sammy23,13-12-2024,11975,2257,40,7,84
lisa_sm,30-12-2024,545,3563,171,5,72
jimmy_456,13-12-2024,24663,1357,94,9,84
emily_789,07-12-2024,15775,2271,171,9,69
mark_321,29-12-2024,28445,1339,108,5,126
susan_555,30-12-2024,29461,3967,43,8,72
chris_777,16-12-2024,6804,903,126,7,128
kate_999,02-12-2024,26499,576,170,9,129
david_111,13-12-2024,12338,590,26,8,174
laura_222,21-12-2024,8111,609,59,7,74
steve_444,14-12-2024,11470,413,36,10,97
olivia_666,06-12-2024,13214,3022,95,6,152
peter_888,06-12-2024,20503,3569,136,5,177
rachel_000,15-12-2024,4324,974,22,5,165
matt_654,12-12-2024,6001,1285,43,7,167
natalie_321,19-12-2024,13189,970,37,7,157
kevin_987,12-12-2024,11913,3306,76,10,121
hannah_234,07-12-2024,8593,489,25,6,156
brian_876,15-12-2024,11591,1482,82,8,76
vicky_543,09-12-2024,18472,2759,125,9,105
jason_345,06-12-2024,7549,2242,52,10,104
carol_789,29-12-2024,19711,661,144,4,56
daniel_654,21-12-2024,21279,116,60,8,174
tina_321,24-12-2024,2649,625,19,9,90
user123,07-12-2024,12024,2626,25,9,167
john_doe,11-12-2024,14472,3114,107,4,180
sarah_smith,08-12-2024,3312,2434,47,9,145
jane_doe,13-12-2024,3556,3751,175,4,84
mike_jones,22-12-2024,25193,1118,137,9,164
alex_123,21-12-2024,16912,274,34,4,63
sammy23,04-12-2024,18347,2007,136,5,131
lisa_sm,22-12-2024,8119,1142,48,6,128
jimmy_456,23-12-2024,14792,3488,24,7,121
emily_789,29-12-2024,21908,689,89,4,64
mark_321,30-12-2024,9840,3732,147,8,50
susan_555,27-12-2024,5580,2079,51,8,82
chris_777,03-12-2024,5604,3775,28,8,91
kate_999,11-12-2024,2726,2482,148,5,64
david_111,18-12-2024,14329,3263,18,4,173
laura_222,20-12-2024,7577,2022,151,9,127
steve_444,29-12-2024,27127,3909,116,8,117
olivia_666,29-12-2024,24224,1364,152,8,148
peter_888,03-12-2024,29284,3685,39,4,99
rachel_000,02-12-2024,21486,1842,141,6,92
matt_654,26-12-2024,14135,3011,168,5,108
natalie_321,15-12-2024,16716,1244,121,5,88
kevin_987,09-12-2024,24254,1582,91,6,102
hannah_234,30-12-2024,6258,1103,141,10,175
brian_876,16-12-2024,21045,2575,94,4,108
vicky_543,02-12-2024,4028,2629,150,9,92
jason_345,12-12-2024,5536,3901,23,4,72
carol_789,19-12-2024,3304,1231,82,5,58
daniel_654,23-12-2024,18697,3616,24,7,82
tina_321,06-12-2024,20273,2712,64,6,96
user123,02-12-2024,17983,3695,156,10,60
john_doe,08-12-2024,1305,2871,114,7,164
sarah_smith,03-12-2024,1492,2891,115,7,109
jane_doe,09-12-2024,24460,560,149,5,140
mike_jones,11-12-2024,22648,463,86,5,154
alex_123,24-12-2024,5346,1590,163,7,165
sammy23,02-12-2024,26108,3809,177,8,148
lisa_sm,01-12-2024,19666,1774,145,8,95
jimmy_456,11-12-2024,17290,359,122,8,153
emily_789,27-12-2024,7476,1116,88,9,88
mark_321,05-12-2024,13156,1020,154,5,57
susan_555,18-12-2024,28802,3402,48,9,63
chris_777,24-12-2024,13188,1642,131,9,51
kate_999,05-12-2024,12396,3695,120,8,71
david_111,15-12-2024,17392,2773,52,7,71
laura_222,07-12-2024,29482,2373,21,5,126
steve_444,09-12-2024,219,650,165,6,112
olivia_666,08-12-2024,27818,2211,58,8,93
peter_888,06-12-2024,5664,2546,79,10,145
rachel_000,27-12-2024,9959,3991,162,8,109
matt_654,14-12-2024,20186,445,112,4,132
natalie_321,24-12-2024,12128,2875,75,4,130
kevin_987,08-12-2024,12567,255,41,8,127
hannah_234,21-12-2024,24435,3493,66,7,58
brian_876,17-12-2024,28610,646,142,6,57
vicky_543,10-12-2024,22509,2735,44,9,76
jason_345,12-12-2024,19146,2243,11,6,161
carol_789,28-12-2024,29781,1380,104,4,107
daniel_654,22-12-2024,19775,1587,103,9,112
tina_321,03-12-2024,26553,3465,141,4,71
user123,05-12-2024,8570,3371,91,5,64
john_doe,30-12-2024,12421,2379,31,9,142
sarah_smith,27-12-2024,5915,3446,45,8,116
jane_doe,20-12-2024,21556,1827,152,7,178
mike_jones,01-12-2024,2259,697,115,7,90
alex_123,22-12-2024,24998,364,123,10,136
sammy23,14-12-2024,23401,378,12,5,74
lisa_sm,16-12-2024,25280,3391,115,8,78
jimmy_456,20-12-2024,13486,3810,104,6,131
emily_789,20-12-2024,6380,1826,97,5,76
mark_321,16-12-2024,19038,2438,86,10,103
susan_555,22-12-2024,28344,203,141,6,93
chris_777,05-12-2024,9158,2705,166,6,177
kate_999,03-12-2024,17355,2057,138,9,52
david_111,28-12-2024,13300,992,129,8,138
laura_222,14-12-2024,21010,3852,126,4,64
steve_444,12-12-2024,13015,2783,129,6,161
olivia_666,13-12-2024,13841,2563,107,8,169
peter_888,13-12-2024,27962,1972,140,7,163
rachel_000,27-12-2024,20783,2470,172,4,150
matt_654,05-12-2024,23185,3476,49,4,112
natalie_321,19-12-2024,7527,1359,23,5,146
kevin_987,03-12-2024,26406,1515,96,8,108
hannah_234,09-12-2024,24409,1634,108,9,67
brian_876,17-12-2024,4301,287,155,5,91
vicky_543,07-12-2024,27166,603,106,5,86
jason_345,17-12-2024,12364,2313,25,6,138
carol_789,25-12-2024,4291,207,164,5,114
daniel_654,18-12-2024,2155,1428,150,8,102
tina_321,07-12-2024,12070,2952,14,4,147
user123,01-12-2024,9458,2763,15,6,76
john_doe,06-12-2024,19584,3111,87,9,123
sarah_smith,30-12-2024,8418,3464,147,9,130
jane_doe,05-12-2024,16825,400,73,8,115
mike_jones,22-12-2024,22415,1661,43,4,58
alex_123,22-12-2024,15167,383,158,10,118
sammy23,04-12-2024,9444,837,52,4,79
lisa_sm,06-12-2024,17193,1689,87,9,172
jimmy_456,26-12-2024,17200,349,32,10,176
emily_789,15-12-2024,26347,2603,57,5,154
mark_321,16-12-2024,28435,2025,49,4,136
susan_555,30-12-2024,24556,412,153,8,75
chris_777,17-12-2024,2046,1222,127,7,177
kate_999,21-12-2024,16855,1297,177,10,178
david_111,13-12-2024,27419,2549,145,9,76
laura_222,23-12-2024,4625,2155,133,5,179
steve_444,14-12-2024,8713,1318,56,10,154
olivia_666,03-12-2024,19897,2473,117,5,95
peter_888,11-12-2024,6280,3746,159,10,77
rachel_000,07-12-2024,21135,1709,159,4,92
matt_654,04-12-2024,18091,3215,67,8,143
natalie_321,08-12-2024,12868,817,158,5,128
kevin_987,20-12-2024,24056,182,82,9,66
hannah_234,11-12-2024,10571,652,37,9,174
brian_876,25-12-2024,6419,1472,66,9,163
vicky_543,17-12-2024,1485,2499,124,6,135
jason_345,11-12-2024,29130,212,86,9,91
carol_789,19-12-2024,19930,3326,170,9,175
daniel_654,13-12-2024,3016,1032,11,10,88
tina_321,24-12-2024,25895,3042,163,7,172
user123,04-12-2024,2149,3558,99,8,153
john_doe,23-12-2024,18238,506,23,7,95
sarah_smith,12-12-2024,29213,3109,45,6,126
jane_doe,27-12-2024,18439,202,130,8,89
mike_jones,15-12-2024,7258,2350,66,6,171
alex_123,02-12-2024,22742,2373,78,10,115
sammy23,05-12-2024,2629,628,118,7,111
lisa_sm,16-12-2024,3202,3464,17,5,179
jimmy_456,08-12-2024,5983,342,160,5,89
emily_789,14-12-2024,10641,3695,159,7,79
mark_321,16-12-2024,16930,3483,168,6,137
susan_555,20-12-2024,10581,446,31,8,82
chris_777,25-12-2024,22417,3629,69,10,126
kate_999,02-12-2024,16209,2078,135,6,61
david_111,09-12-2024,23072,3543,47,7,161
laura_222,12-12-2024,21569,2676,18,4,125
steve_444,03-12-2024,26847,156,104,6,72
olivia_666,13-12-2024,17138,1508,63,8,111
peter_888,26-12-2024,25567,2248,130,8,65
rachel_000,02-12-2024,11864,980,174,6,86
matt_654,15-12-2024,21555,683,33,5,87
natalie_321,10-12-2024,4622,890,13,4,168
kevin_987,29-12-2024,25867,2194,55,9,66
hannah_234,05-12-2024,15465,1833,120,8,141
brian_876,11-12-2024,24167,2960,111,5,126
vicky_543,10-12-2024,13969,3078,86,10,87
jason_345,11-12-2024,17843,1929,173,6,116
carol_789,15-12-2024,5332,994,18,7,143
daniel_654,15-12-2024,20590,3218,25,10,161
tina_321,12-12-2024,4490,257,96,8,140
user123,14-12-2024,9338,368,157,10,156
john_doe,30-12-2024,28290,2000,87,5,69
sarah_smith,13-12-2024,19552,3744,110,4,71
jane_doe,09-12-2024,15540,602,66,6,153
mike_jones,30-12-2024,25740,1194,100,8,75
alex_123,23-12-2024,25498,706,153,9,109
sammy23,16-12-2024,24520,2089,177,5,54
lisa_sm,27-12-2024,23639,3924,104,5,160
jimmy_456,16-12-2024,1243,2545,28,9,145
emily_789,07-12-2024,14123,643,149,10,75
